hours_studied,practice_problems,hours_sleep,exam_score
2.9,14,7.5,82.8
11.1,56,7.0,91.2
11.3,59,5.8,83.8
6.8,35,7.7,86.7
4.3,20,8.4,77.9
2.4,15,8.2,75.7
9.1,49,4.4,81.0
8.8,46,7.3,89.3
2.4,13,7.4,70.6
6.3,33,6.8,84.2
16.2,83,6.8,98.4
13.1,63,7.4,101.5
19.7,101,7.7,122.8
17.5,86,6.3,121.9
13.4,67,7.2,98.2
5.4,27,6.8,82.6
17.2,87,6.2,115.2
9.6,51,7.4,88.5
2.5,14,6.4,70.2
19.1,95,5.2,117.5
19.0,96,6.5,123.3
7.8,39,5.2,83.8
10.9,51,7.9,95.1
6.9,31,6.7,82.6
15.7,77,8.0,107.7
19.5,101,5.0,110.1
13.0,64,8.6,102.3
13.0,67,7.5,98.5
6.2,33,5.9,72.7
6.8,31,9.1,95.2
8.9,47,6.3,77.4
12.2,63,5.8,96.7
15.2,77,6.8,108.5
2.8,16,7.4,65.6
12.1,56,7.9,105.7
19.4,97,9.3,121.4
5.9,27,6.1,76.4
9.5,48,5.2,75.8
2.8,14,7.3,63.2
16.3,80,5.7,101.6
4.9,26,5.7,73.5
13.9,66,6.9,109.2
6.3,31,8.3,77.7
19.0,99,6.1,121.0
17.7,91,6.2,109.7
11.8,57,6.8,98.9
13.6,69,6.6,104.6
17.0,85,8.1,116.4
5.3,27,7.0,78.8
5.3,24,5.7,63.0
